{
"er_conn":"Error",
"er_delete":"No se puede eliminar '%s'",
"er_exec":"La función exec() no está habilitado en este servidor PHP",
"er_file":"El archivo : '%s' no existe",
"er_json":"Formato JSON iválido en el archivo 'lang_'",
"er_open":"No se puede ejecutar el archivo '%s'",
"er_res_backup":"No puede ser restaurado el archivo SQL",
"er_saved":"No se puede crear el archivo ZIP: %s",
"er_sel_file":"No ha selecionado el archivo",
"er_write":"La %s no es un directorio para escribir",
"er_write_in":"No se puede escribir en: %s",

"msg_bmk":"",
"msg_backup":"Respaldo",
"msg_conn":"Entrar",
"msg_conn_other":"",
"msg_conn_to":"Está conectado a la Base de Datos: <p>%s</p>",
"msg_connect":"",
"msg_database":"",
"msg_del_file":"Eliminar ",
"msg_get_file":"Descargar",
"msg_loading":"Espere, se está cargando la información..",
"msg_nozip":"No existe el archivo ZIP, de acuerdo al backup",
"msg_pass":"",
"msg_restore_bk":"Restaurar respaldo",
"msg_select_all":"Seleccionar todos (%s tablas)",
"msg_select_file":"- Seleccionar el archivo",
"msg_select_tbles":"- Tablas contenidas en la base de datos:",
"msg_send":"Entrar",
"msg_server":"",
"msg_show_files":"",
"msg_show_tables":"",
"msg_user":"",
"msg_when_del":"El archivo se eliminará sin posibilidad de recuperación, desea continuar.?",

"ok_res_backup":"El respaldo se ha restaurado correctamente",
"ok_delete":"El archivo se ha eliminado de manera satisfactoria",
"ok_saved":"El respaldo: %s se ha guardado de manera satisfactoria"
}
